{"web":{"client_id":"868418470102-g3pm6gutsdltr8dn57ao2h63g4isbsi5.apps.googleusercontent.com","project_id":"api-fc","auth_uri":"https://accounts.google.com/o/oauth2/auth","token_uri":"https://oauth2.googleapis.com/token","auth_provider_x509_cert_url":"https://www.googleapis.com/oauth2/v1/certs","client_secret":"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","javascript_origins":["https://castorx.facilcontabilidad.org","https://digitalcontable.facilcontabilidad.org","https://facturafull.facilcontabilidad.org","https://administracion.facilcontabilidad.org"]}}